player	yahooRank	avgCost	projCost	pctDrafted
Nikola Jokic	1	82.3	61	100
Victor Wembanyama	2	80.0	60	100
Luka Doncic	3	73.3	59	100
Shai Gilgeous-Alexander	4	66.9	57	100
Cade Cunningham	5	63.4	57	100
Giannis Antetokounmpo	6	61.0	55	100
Anthony Edwards	8	59.9	52	100
Tyrese Maxey	9	56.9	50	100
Jayson Tatum	7	51.0	54	100
Cooper Flagg	13	50.9	44	100
Kevin Durant	14	50.6	42	100
Jalen Johnson	11	50.4	47	100
Tyrese Haliburton	10	49.2	49	100
Donovan Mitchell	12	48.7	46	100
Scottie Barnes	15	47.2	42	100
Karl-Anthony Towns	16	41.7	41	100
Jamal Murray	17	39.9	40	100
Josh Giddey	19	37.8	37	100
Trae Young	18	37.2	38	100
Alperen Sengun	22	33.3	32	100
Jalen Brunson	29	33.1	30	100
Austin Reaves	21	32.4	33	100
LaMelo Ball	24	32.3	31	100
Stephen Curry	25	31.7	31	100
Devin Booker	23	31.6	32	100
Chet Holmgren	28	31.0	30	100
Amen Thompson	20	29.6	35	100
Kawhi Leonard	37	27.7	25	100
Evan Mobley	27	27.4	30	100
Bam Adebayo	26	25.6	31	100
Domantas Sabonis	35	25.2	26	100
James Harden	31	24.2	29	100
Jalen Williams	34	23.9	26	100
Trey Murphy III	30	23.4	29	100
Jaylen Brown	44	22.9	23	100
LeBron James	40	21.2	25	100
Jalen Duren	33	21.1	27	100
Lauri Markkanen	32	21.0	28	100
Brandon Miller	39	20.4	25	100
Anthony Davis	45	19.2	23	100
Walker Kessler	41	17.7	24	100
Donovan Clingan	38	16.9	25	100
Deni Avdija	48	16.0	22	100
Derrick White	36	14.8	26	100
Jaren Jackson Jr.	42	14.8	24	100
Keyonte George	43	13.8	24	100
Paolo Banchero	52	12.9	19	100
Cameron Boozer	51	11.7	20	100
Kyrie Irving	46	10.4	23	100
Franz Wagner	50	9.9	21	100
Kon Knueppel	64	9.6	16	100
Pascal Siakam	58	9.3	17	100
Desmond Bane	47	8.8	23	100
Onyeka Okongwu	49	7.0	22	100
Ivica Zubac	57	6.7	18	100
VJ Edgecombe	88	6.6	8	100
Joel Embiid	53	6.0	19	100
Darius Garland	54	5.8	18	100
Matas Buzelis	69	5.6	16	100
Alex Sarr	63	5.4	17	100
Julius Randle	73	5.0	14	100
Darryn Peterson	115	5.0	2	99
Zach Edey	70	4.9	15	100
Dylan Harper	83	4.8	11	100
Rudy Gobert	82	4.6	11	100
De'Aaron Fox	74	4.4	13	100
Stephon Castle	76	4.3	13	100
Day'Ron Sharpe	91	4.2	6	100
Damian Lillard	67	4.0	16	100
Cedric Coward	84	4.0	10	100
Dyson Daniels	61	3.8	17	100
Tyler Herro	68	3.8	16	100
Payton Pritchard	75	3.8	13	100
Naz Reid	59	3.4	17	100
Derik Queen	96	3.4	5	100
Dejounte Murray	55	3.3	18	100
Nickeil Alexander-Walker	56	3.3	18	100
OG Anunoby	72	3.3	14	100
Kel'el Ware	71	3.1	15	100
Michael Porter Jr.	60	3.0	17	100
AJ Dybantsa	92	3.0	6	100
Zion Williamson	78	2.9	12	100
Jarrett Allen	65	2.7	16	100
Ausar Thompson	77	2.6	12	100
Mikal Bridges	81	2.4	12	100
Coby White	80	2.3	12	100
Norman Powell	87	2.3	9	100
Brandon Ingram	66	2.2	16	100
Ja Morant	93	2.2	5	100
Ryan Rollins	62	2.1	17	100
Jalen Suggs	94	2.0	5	99
Darius Acuff Jr.	155	2.0	2	79
Caleb Wilson	85	1.9	10	100
Nic Claxton	89	1.9	7	100
Paul George	79	1.8	12	100
Miles Bridges	100	1.8	4	100
Ty Jerome	114	1.5	2	74
Josh Hart	97	1.4	4	100
Jabari Smith Jr.	98	1.3	4	100
Khaman Maluach	118	1.3	1	75
Aaron Gordon	127	1.3	1	75
Immanuel Quickley	86	1.2	9	100
DeMar DeRozan	102	1.2	5	59
Isaiah Hartenstein	103	1.1	5	100
Wendell Carter Jr.	123	1.1	5	21
RJ Barrett	124	1.1	0	85
Jaden McDaniels	90	1.0	6	100
Andrew Wiggins	95	1.0	5	100
Zach LaVine	99	1.0	4	99
Myles Turner	101	1.0	5	100
Ayo Dosunmu	104	1.0	5	95
Jusuf Nurkic	105	1.0	4	97
Toumani Camara	106	1.0	4	99
Peyton Watson	107	1.0	4	96
Andrew Nembhard	108	1.0	4	94
CJ McCollum	109	1.0	3	99
Davion Mitchell	110	1.0	3	86
Collin Murray-Boyles	111	1.0	3	91
John Collins	112	1.0	3	92
Neemias Queta	113	1.0	2	77
Keegan Murray	116	1.0	2	60
Brandin Podziemski	117	1.0	1	87
Kyshawn George	119	1.0	1	72
Daniel Gafford	120	1.0	1	22
Rui Hachimura	121	1.0	0	27
Jakob Poeltl	122	1.0	2	53
Collin Gillespie	125	1.0	0	11
Quentin Grimes	126	1.0	0	17
Cason Wallace	128	1.0	0	30
Jonathan Kuminga	129	1.0	0	13
Jalen Green	130	1.0	0	97
Saddiq Bey	132	1.0	0	23
Cameron Johnson	135	1.0	0	2
Sandro Mamukelashvili	139	1.0	3	28
Jaime Jaquez Jr.	140	1.0	1	83
Dillon Brooks	142	1.0	0	23
Yaxel Lendeborg	144	1.0	0	44
Ajay Mitchell	145	1.0	0	9
Tre Jones	148	1.0	0	2
Reed Sheppard	149	1.0	1	40
Kristaps Porzingis	152	1.0	4	71
Fred VanVleet	153	1.0	1	30
Devin Vassell	157	1.0	0	31
Kevin Porter Jr.	158	1.0	3	30
Maxime Raynaud	162	1.0	0	14
Jeremiah Fears	168	1.0	0	33
Julian Champagnie	179	1.0	0	5
Mark Williams	201	1.0	5	7
Klay Thompson	207	1.0	0	8
Bronny James	467	1.0	0	3
